Sr.,Stock Name,Symbol,Links,% Chg,Price,Volume
227,360 ONE WAM Ltd,360ONE,P&F | F.A,-0.74%,1073,"4,43,925"
4,3m India Limited,3MINDIA,P&F | F.A,1.43%,35663.65,"4,792"
319,Aarti Industries Limited,AARTIIND,P&F | F.A,-0.26%,627.05,"8,80,958"
160,AAVAS Financiers Ltd,AAVAS,P&F | F.A,0.59%,1720.75,"96,056"
24,Abb India Limited,ABB,P&F | F.A,0.76%,7936.05,"3,28,066"
6,Abbott India Limited,ABBOTINDIA,P&F | F.A,0.71%,30195.85,"18,487"
118,Acc Limited,ACC,P&F | F.A,0.82%,2329.15,"1,73,170"
205,Action Construction Equipment Limited,ACE,P&F | F.A,2.07%,1290.95,"1,66,883"
236,Adani Energy Solutions Ltd,ADANIENSOL,P&F | F.A,0.33%,1007.4,"20,71,206"
90,Adani Enterprises Limited,ADANIENT,P&F | F.A,-0.03%,3019.35,"35,09,174"
144,Adani Green Energy Ltd,ADANIGREEN,P&F | F.A,0.46%,1838.15,"10,52,305"
183,Adani Ports And Special Economic Zone Limited,ADANIPORTS,P&F | F.A,0.40%,1481.9,"19,96,592"
317,Adani Power Limited,ADANIPOWER,P&F | F.A,-1.90%,632.05,"47,77,522"
262,Adani Total Gas Ltd,ATGL,P&F | F.A,-0.85%,830.35,"8,60,287"
389,Adani Wilmar Ltd,AWL,P&F | F.A,-0.45%,362,"17,06,883"
433,Aditya Birla Capital Ltd,ABCAPITAL,P&F | F.A,-0.46%,220.11,"18,63,921"
406,Aditya Birla Fashion And Retail Limited,ABFRL,P&F | F.A,-0.62%,311.7,"70,27,599"
283,Aegis Logistics Ltd,AEGISLOG,P&F | F.A,0.36%,752.6,"2,08,944"
254,Aether Industries Ltd,AETHER,P&F | F.A,1.15%,890.25,"35,788"
168,Affle India Ltd,AFFLE,P&F | F.A,-0.73%,1631.6,"1,30,492"
66,Aia Engineering Limited,AIAENG,P&F | F.A,-0.87%,4295.25,"1,45,544"
84,Ajanta Pharma Limited,AJANTPHARM,P&F | F.A,2.94%,3243.55,"2,53,887"
230,Alembic Pharmaceuticals Limited,APLLTD,P&F | F.A,0.86%,1059.1,"1,22,834"
40,Alkem Laboratories Limited,ALKEM,P&F | F.A,2.85%,6170.35,"4,29,045"
124,Alkyl Amines Chemicals Limited,ALKYLAMINE,P&F | F.A,-0.11%,2104.85,"26,284"
486,Allcargo Logistics Limited,ALLCARGO,P&F | F.A,-1.86%,70.02,"40,37,666"
498,Alok Industries Ltd,ALOKINDS,P&F | F.A,-1.80%,27.3,"1,57,74,208"
61,Amber Enterprises India Ltd,AMBER,P&F | F.A,-1.96%,4467.3,"1,13,651"
324,Ambuja Cements Limited,AMBUJACEM,P&F | F.A,0.74%,617.05,"35,40,177"
73,Anand Rathi Wealth Ltd,ANANDRATHI,P&F | F.A,2.15%,3813.8,"70,331"
107,Angel One Ltd,ANGELONE,P&F | F.A,0.60%,2586.35,"5,10,332"
277,Anupam Rasayan India Ltd,ANURAS,P&F | F.A,0.28%,778.8,"42,396"
19,Apar Industries Limited,APARINDS,P&F | F.A,2.42%,9163.5,"3,24,713"
186,Apl Apollo Tubes Limited,APLAPOLLO,P&F | F.A,-2.74%,1462.1,"8,44,217"
31,Apollo Hospitals Enterprise Limited,APOLLOHOSP,P&F | F.A,1.03%,6927.5,"4,99,581"
359,Apollo Tyres Limited,APOLLOTYRE,P&F | F.A,0.11%,492.9,"20,65,720"
398,Aptus Value Housing Finance India Ltd,APTUS,P&F | F.A,1.72%,327.95,"17,81,243"
284,Archean Chemical Industries Ltd,ACI,P&F | F.A,-0.75%,742.85,"7,33,829"
316,Asahi India Glass Limited,ASAHIINDIA,P&F | F.A,-1.17%,634.3,"71,358"
421,Ashok Leyland Limited,ASHOKLEY,P&F | F.A,1.04%,256.45,"1,58,16,295"
87,Asian Paints Limited,ASIANPAINT,P&F | F.A,0.35%,3126.8,"15,67,031"
383,Aster DM Healthcare Ltd,ASTERDM,P&F | F.A,1.13%,406.7,"19,85,268"
136,Astral Poly Technik Limited,ASTRAL,P&F | F.A,-0.59%,1919.35,"4,41,021"
35,Astrazeneca Pharma India Limited,ASTRAZEN,P&F | F.A,-1.12%,6586.65,"6,172"
23,Atul Limited,ATUL,P&F | F.A,1.62%,7967.45,"50,413"
297,AU Small Finance Bank,AUBANK,P&F | F.A,7.55%,688.7,"1,64,26,385"
174,Aurobindo Pharma Limited,AUROPHARMA,P&F | F.A,0.40%,1569.4,"17,57,837"
302,Avanti Feeds Limited,AVANTIFEED,P&F | F.A,2.61%,678.3,"5,15,762"
54,Avenue Supermarts,DMART,P&F | F.A,-1.62%,4927.45,"5,64,035"
216,Axis Bank Limited,AXISBANK,P&F | F.A,-0.01%,1175.25,"1,01,90,506"
15,Bajaj Auto Limited,BAJAJ-AUTO,P&F | F.A,0.77%,10891.55,"4,98,560"
28,Bajaj Finance Limited,BAJFINANCE,P&F | F.A,1.93%,7200.15,"20,44,367"
151,Bajaj Finserv Limited,BAJAJFINSV,P&F | F.A,1.56%,1783.05,"38,65,499"
17,Bajaj Holdings & Investment Limited,BAJAJHLDNG,P&F | F.A,-0.02%,10057.7,"1,12,815"
120,Balaji Amines Limited,BALAMINES,P&F | F.A,0.73%,2224.35,"34,692"
98,Balkrishna Industries Limited,BALKRISIND,P&F | F.A,-0.77%,2829.75,"2,94,445"
329,Balrampur Chini Mills Limited,BALRAMCHIN,P&F | F.A,3.43%,598.65,"1,55,37,762"
442,Bandhan Bank Ltd,BANDHANBNK,P&F | F.A,3.28%,200.3,"10,98,87,950"
423,Bank Of Baroda,BANKBARODA,P&F | F.A,0.12%,250.1,"1,29,09,590"
467,Bank Of India,BANKINDIA,P&F | F.A,0.64%,117.74,"24,52,499"
488,Bank Of Maharashtra,MAHABANK,P&F | F.A,0.03%,62.57,"80,64,018"
188,Bata India Limited,BATAINDIA,P&F | F.A,0.16%,1452.65,"1,69,234"
39,Bayer Cropscience Limited,BAYERCROP,P&F | F.A,-0.44%,6289.05,"95,863"
74,Beml Limited,BEML,P&F | F.A,-0.67%,3798.3,"1,91,946"
334,Berger Paints (i) Limited,BERGEPAINT,P&F | F.A,-0.17%,571.05,"3,54,394"
204,Bharat Dynamics Ltd,BDL,P&F | F.A,0.33%,1302.9,"14,36,261"
410,Bharat Electronics Limited,BEL,P&F | F.A,1.05%,299.3,"2,86,84,991"
172,Bharat Forge Limited,BHARATFORG,P&F | F.A,0.58%,1587,"9,31,250"
414,Bharat Heavy Electricals Limited,BHEL,P&F | F.A,-0.15%,290.55,"97,21,851"
391,Bharat Petroleum Corporation Limited,BPCL,P&F | F.A,0.34%,357.65,"2,03,12,502"
171,Bharti Airtel Limited,BHARTIARTL,P&F | F.A,1.48%,1589.05,"3,78,20,442"
265,Bikaji Foods International Ltd,BIKAJI,P&F | F.A,-1.03%,825.1,"4,81,026"
390,Biocon Limited,BIOCON,P&F | F.A,1.03%,359.1,"27,38,006"
201,Birla Corporation Limited,BIRLACORPN,P&F | F.A,1.70%,1330.8,"2,08,032"
308,Birlasoft Ltd,BSOFT,P&F | F.A,-1.24%,670.55,"48,64,275"
377,Bls International Services Limited,BLS,P&F | F.A,-1.16%,421.65,"13,12,158"
21,Blue Dart Express Limited,BLUEDART,P&F | F.A,-1.13%,8041.45,"7,653"
161,Blue Star Limited,BLUESTARCO,P&F | F.A,0.47%,1703.9,"6,22,412"
111,Bombay Burmah Trading Corporation Limited,BBTC,P&F | F.A,-1.67%,2491.85,"86,200"
350,Borosil Renewables Ltd,BORORENEW,P&F | F.A,-1.19%,513.5,"2,62,560"
5,Bosch Limited,BOSCHLTD,P&F | F.A,2.07%,32389.6,"50,047"
213,Brigade Enterprises Limited,BRIGADE,P&F | F.A,0.20%,1204.55,"3,42,427"
43,Britannia Industries Limited,BRITANNIA,P&F | F.A,0.41%,5855.25,"5,19,387"
97,BSE (Bombay stock exchange),BSE,P&F | F.A,0.74%,2832.65,"6,62,020"
125,C.E. Info Systems Ltd,MAPMYINDIA,P&F | F.A,0.01%,2092.4,"78,291"
416,Campus Activewear Ltd,CAMPUS,P&F | F.A,0.41%,278.4,"6,26,113"
256,Can Fin Homes Limited,CANFINHOME,P&F | F.A,-2.19%,863.55,"5,91,783"
470,Canara Bank,CANBK,P&F | F.A,1.13%,111.53,"2,13,79,047"
138,Caplin Point Laboratories Limited,CAPLIPOINT,P&F | F.A,6.16%,1905,"4,89,755"
438,Capri Global Capital Limited,CGCL,P&F | F.A,-3.24%,205.52,"74,80,393"
177,Carborundum Universal Limited,CARBORUNIV,P&F | F.A,0.79%,1524.8,"48,748"
419,Castrol India Limited,CASTROLIND,P&F | F.A,-0.54%,264.75,"51,14,577"
288,Ccl Products (india) Limited,CCL,P&F | F.A,0.08%,720.3,"2,52,886"
103,Ceat Limited,CEATLTD,P&F | F.A,-1.30%,2756.3,"1,28,267"
253,Cello World Ltd,CELLO,P&F | F.A,3.23%,903.25,"1,96,764"
489,Central Bank Of India,CENTRALBK,P&F | F.A,-0.44%,61.12,"37,82,808"
191,Central Depository Services Ltd,CDSL,P&F | F.A,0.24%,1434.9,"45,52,564"
275,Century Plyboards (india) Limited,CENTURYPLY,P&F | F.A,0.22%,786.75,"77,883"
116,Century Textiles & Industries Limited,CENTURYTEX,P&F | F.A,-1.31%,2389.25,"1,48,094"
18,Cera Sanitaryware Limited,CERA,P&F | F.A,-2.61%,9216.6,"8,456"
445,Cesc Limited,CESC,P&F | F.A,-2.15%,194.04,"1,17,03,680"
295,CG Power and Industrial Solutions Ltd,CGPOWER,P&F | F.A,-0.67%,696.1,"32,14,857"
260,Chalet Hotels Ltd,CHALET,P&F | F.A,4.15%,835.15,"1,34,910"
348,Chambal Fertilizers & Chemicals Limited,CHAMBLFERT,P&F | F.A,2.22%,520.2,"45,24,994"
354,Chemplast Sanmar Ltd,CHEMPLASTS,P&F | F.A,2.06%,502.3,"2,20,505"
240,Chennai Petroleum Corporation Limited,CHENNPETRO,P&F | F.A,1.04%,975.4,"4,34,746"
170,Cholamandalam Financial Holdings Ltd,CHOLAHLDNG,P&F | F.A,-2.87%,1602,"2,06,139"
187,Cholamandalam Investment And Finance Company Limited,CHOLAFIN,P&F | F.A,0%,1455.6,"17,64,924"
332,CIE Automotive India Ltd,CIEINDIA,P&F | F.A,-0.42%,584.25,"2,94,114"
165,Cipla Limited,CIPLA,P&F | F.A,2.25%,1654.9,"32,96,701"
454,City Union Bank Limited,CUB,P&F | F.A,1.51%,170.69,"67,46,711"
182,Clean Science & Technology Ltd,CLEAN,P&F | F.A,1.15%,1493.5,"1,56,580"
346,Coal India Limited,COALINDIA,P&F | F.A,-0.49%,524.95,"3,09,21,282"
141,Cochin Shipyard,COCHINSHIP,P&F | F.A,-3.49%,1886.65,"70,94,311"
38,Coforge (Niit Tech),COFORGE,P&F | F.A,0.98%,6344.05,"3,93,337"
79,Colgate Palmolive (india) Limited,COLPAL,P&F | F.A,0.92%,3640.35,"7,66,656"
67,Computer Age Management Services Ltd,CAMS,P&F | F.A,-1.73%,4261.25,"1,70,411"
164,Concord Biotech Ltd,CONCORDBIO,P&F | F.A,-2.33%,1665.9,"4,57,144"
243,Container Corporation Of India Limited,CONCOR,P&F | F.A,0.22%,965.1,"17,63,647"
155,Coromandel International Limited,COROMANDEL,P&F | F.A,1.94%,1758.25,"3,15,808"
42,Craftsman Automation Ltd,CRAFTSMAN,P&F | F.A,-0.06%,6038.9,"55,646"
212,CreditAccess Grameen Ltd,CREDITACC,P&F | F.A,2.37%,1221.05,"2,27,863"
62,Crisil Limited,CRISIL,P&F | F.A,-0.78%,4461.75,"19,050"
364,Crompton Greaves Consumer Electricals Limited,CROMPTON,P&F | F.A,2.59%,477.05,"37,40,760"
400,CSB Bank Ltd,CSBBANK,P&F | F.A,0.31%,323.65,"3,56,725"
76,Cummins India Limited,CUMMINSIND,P&F | F.A,0.26%,3744.7,"6,32,373"
129,Cyient Limited,CYIENT,P&F | F.A,-1.65%,1977.25,"2,30,685"
315,Dabur India Limited,DABUR,P&F | F.A,-1.09%,637.15,"33,04,453"
140,Dalmia Bharat Limited,DALBHARAT,P&F | F.A,2.46%,1891.05,"3,91,676"
101,Data Patterns (India) Ltd,DATAPATTNS,P&F | F.A,0.98%,2804.35,"3,29,738"
219,Dcm Shriram Limited,DCMSHRIRAM,P&F | F.A,2.88%,1152.65,"4,54,400"
232,Deepak Fertilizers And Petrochemicals Corporation Limited,DEEPAKFERT,P&F | F.A,0.27%,1046.1,"10,08,184"
94,Deepak Nitrite Limited,DEEPAKNTR,P&F | F.A,0.99%,2911.05,"4,64,194"
378,Delhivery Ltd,DELHIVERY,P&F | F.A,0.58%,419.3,"17,05,739"
453,Devyani International Ltd,DEVYANI,P&F | F.A,-0.03%,175.91,"21,22,411"
51,Divi's Laboratories Limited,DIVISLAB,P&F | F.A,1.62%,5093.9,"8,53,203"
10,Dixon Technologies,DIXON,P&F | F.A,-0.23%,13170.95,"46,21,055"
259,Dlf Limited,DLF,P&F | F.A,1.59%,845.1,"44,33,064"
106,Doms Industries Ltd,DOMS,P&F | F.A,4.56%,2607.25,"2,12,820"
82,Dr. Lal Path Labs Ltd.,LALPATHLAB,P&F | F.A,1.75%,3417.4,"2,62,446"
30,Dr. Reddy's Laboratories Limited,DRREDDY,P&F | F.A,1.45%,7031.35,"6,83,042"
496,Easy Trip Planners Ltd,EASEMYTRIP,P&F | F.A,0.74%,39.72,"44,89,139"
96,Eclerx Services Limited,ECLERX,P&F | F.A,2.38%,2903.8,"66,880"
53,Eicher Motors Limited,EICHERMOT,P&F | F.A,0.91%,4960.5,"4,65,200"
264,Eid Parry India Limited,EIDPARRY,P&F | F.A,1.74%,829.4,"46,45,983"
385,Eih Limited,EIHOTEL,P&F | F.A,0.82%,382.6,"5,56,856"
322,Elecon Engineering Company Limited,ELECON,P&F | F.A,1.02%,621.45,"1,88,602"
296,Elgi Equipments Limited,ELGIEQUIP,P&F | F.A,-2.64%,694.4,"1,76,662"
270,Emami Limited,EMAMILTD,P&F | F.A,0.02%,813.2,"4,71,207"
114,Endurance Technologies Limited,ENDURANCE,P&F | F.A,-0.99%,2474.05,"1,81,518"
434,Engineers India Limited,ENGINERSIN,P&F | F.A,-2.95%,217.5,"32,64,414"
424,EPL Ltd,EPL,P&F | F.A,1.69%,249.09,"13,34,322"
481,Equitas Small Finance Bank Ltd,EQUITASBNK,P&F | F.A,0.96%,81.31,"29,25,895"
194,Eris Lifesciences,ERIS,P&F | F.A,3.40%,1388.2,"1,59,411"
71,Escorts Limited,ESCORTS,P&F | F.A,0.98%,3853.9,"66,919"
358,Exide Industries Limited,EXIDEIND,P&F | F.A,0.55%,492.9,"19,18,993"
343,Fdc Limited,FDC,P&F | F.A,2.76%,543.15,"6,69,318"
238,Fertilizers And Chemicals Travancore Limited,FACT,P&F | F.A,1.61%,981.1,"14,38,637"
46,Fine Organic Industries Ltd,FINEORG,P&F | F.A,-1.16%,5344.45,"19,963"
189,Finolex Cables Limited,FINCABLES,P&F | F.A,0.82%,1452.25,"7,11,519"
405,Finolex Industries Limited,FINPIPE,P&F | F.A,-0.48%,311.85,"14,28,799"
409,Firstsource Solutions Limited,FSL,P&F | F.A,-1.81%,303.25,"51,33,515"
281,Five Star Business Finance Ltd,FIVESTAR,P&F | F.A,2.44%,758.85,"4,87,812"
341,Fortis Healthcare Limited,FORTIS,P&F | F.A,2.41%,551.8,"40,32,385"
436,FSN E-Commerce Ventures Ltd,NYKAA,P&F | F.A,-0.88%,207.7,"92,88,281"
425,Gail (india) Limited,GAIL,P&F | F.A,2.49%,237.69,"2,36,05,945"
149,Garden Reach Shipbuilders & Engineers Ltd,GRSE,P&F | F.A,3.07%,1811,"24,80,956"
381,General Insurance Corporation of India,GICRE,P&F | F.A,1.10%,408.8,"9,39,912"
20,Gillette India Limited,GILLETTE,P&F | F.A,-1.02%,8885.5,"54,201"
143,Gland Pharma Ltd,GLAND,P&F | F.A,-0.57%,1838.55,"15,36,456"
104,Glaxosmithkline Pharmaceuticals Limited,GLAXO,P&F | F.A,-0.78%,2745.1,"78,631"
231,Glenmark Life Sciences Ltd,GLS,P&F | F.A,4.62%,1052.65,"10,93,564"
159,Glenmark Pharmaceuticals Limited,GLENMARK,P&F | F.A,2.39%,1731.75,"13,81,346"
221,Global Health Ltd,MEDANTA,P&F | F.A,1%,1134.7,"3,22,547"
196,GMM Pfaudler Ltd,GMMPFAUDLR,P&F | F.A,-1.18%,1370.85,"1,61,579"
479,Gmr Infrastructure Limited,GMRINFRA,P&F | F.A,0.39%,94.48,"2,85,61,801"
244,Godawari Power And Ispat Limited,GPIL,P&F | F.A,2.34%,949.65,"5,60,949"
36,Godfrey Phillips India Limited,GODFRYPHLP,P&F | F.A,6.17%,6508.4,"3,60,453"
184,Godrej Consumer Products Limited,GODREJCP,P&F | F.A,0.30%,1481.2,"13,11,589"
235,Godrej Industries Limited,GODREJIND,P&F | F.A,-0.01%,1013.65,"2,78,757"
95,Godrej Properties Limited,GODREJPROP,P&F | F.A,1.40%,2909.25,"5,01,707"
291,Granules India Limited,GRANULES,P&F | F.A,2.02%,718.1,"30,32,673"
349,Graphite India Limited,GRAPHITE,P&F | F.A,-0.93%,517.1,"3,71,995"
105,Grasim Industries Limited,GRASIM,P&F | F.A,0.85%,2698.85,"9,94,826"
115,Grindwell Norton Limited,GRINDWELL,P&F | F.A,-0.44%,2440.5,"1,16,868"
460,Gujarat Ambuja Exports Limited,GAEL,P&F | F.A,0.24%,143.05,"8,83,523"
86,Gujarat Fluorochemicals Ltd,FLUOROCHEM,P&F | F.A,-0.99%,3175.35,"94,512"
328,Gujarat Gas Limited,GUJGASLTD,P&F | F.A,0.61%,606.95,"16,05,771"
386,Gujarat Mineral Development Corporation Limited,GMDCLTD,P&F | F.A,0.65%,369.05,"5,63,732"
298,Gujarat Narmada Valley Fertilizers And Chemicals Limited,GNFC,P&F | F.A,1.12%,683.5,"14,65,491"
428,Gujarat Pipavav Port Limited,GPPL,P&F | F.A,-0.62%,225.51,"20,64,122"
426,Gujarat State Fertilizers & Chemicals Limited,GSFC,P&F | F.A,-1.01%,230.08,"23,13,801"
374,Gujarat State Petronet Limited,GSPL,P&F | F.A,5.56%,442.6,"3,50,24,086"
271,Happiest Minds Technologies Ltd,HAPPSTMNDS,P&F | F.A,1.12%,812.3,"4,72,644"
215,Happy Forgings Ltd,HAPPYFORGE,P&F | F.A,0.55%,1190.05,"17,643"
139,Havells India Limited,HAVELLS,P&F | F.A,0.32%,1899.35,"15,62,361"
320,Hbl Power Systems Limited,HBLPOWER,P&F | F.A,-2.24%,624.8,"17,45,936"
156,Hcl Technologies Limited,HCLTECH,P&F | F.A,0.08%,1753.25,"47,92,561"
64,HDFC Asset Management Company Ltd,HDFCAMC,P&F | F.A,-0.75%,4420.5,"6,16,110"
166,Hdfc Bank Limited,HDFCBANK,P&F | F.A,-0.10%,1636.9,"22,26,71,050"
286,HDFC Life Insurance Company Ltd,HDFCLIFE,P&F | F.A,0.24%,738.7,"62,27,807"
127,Heg Limited,HEG,P&F | F.A,0.02%,1998.45,"80,866"
45,Hero Motocorp Limited,HEROMOTOCO,P&F | F.A,1.51%,5455.4,"15,69,946"
459,Himachal Futuristic Communications Limited,HFCL,P&F | F.A,1.93%,149.62,"3,13,96,131"
347,Himadri Speciality Chemical Limited,HSCL,P&F | F.A,-0.30%,523.25,"12,35,616"
294,Hindalco Industries Limited,HINDALCO,P&F | F.A,0.12%,701.35,"74,04,373"
57,Hindustan Aeronautics Ltd,HAL,P&F | F.A,1.69%,4679.95,"16,30,572"
394,Hindustan Copper Limited,HINDCOPPER,P&F | F.A,1.20%,332.55,"1,60,37,347"
379,Hindustan Petroleum Corporation Limited,HINDPETRO,P&F | F.A,0.77%,419.05,"1,69,99,644"
102,Hindustan Unilever Limited,HINDUNILVR,P&F | F.A,-0.26%,2778,"40,29,712"
356,Hindustan Zinc Limited,HINDZINC,P&F | F.A,0.86%,500.75,"21,66,880"
12,Hitachi Energy India Ltd,POWERINDIA,P&F | F.A,2.76%,12095.05,"40,202"
218,Home First Finance Company India Ltd,HOMEFIRST,P&F | F.A,3.96%,1153,"6,92,061"
353,Honasa Consumer Ltd,HONASA,P&F | F.A,-1.52%,505.4,"10,32,343"
2,Honeywell Automation India Limited,HONAUT,P&F | F.A,-0.07%,50968.95,"1,718"
415,Housing and Urban Development Corporation,HUDCO,P&F | F.A,-4.43%,280.65,"2,42,50,054"
211,Icici Bank Limited,ICICIBANK,P&F | F.A,0.60%,1229.2,"2,12,11,148"
122,ICICI Lombard General Insurance Company Ltd,ICICIGI,P&F | F.A,0.16%,2141.75,"28,16,240"
282,Icici Prudential Life Insurance Company Limited,ICICIPRULI,P&F | F.A,1.46%,753.15,"18,38,816"
266,ICICI Securities Ltd,ISEC,P&F | F.A,0.75%,823.65,"2,57,093"
478,Idbi Bank Limited,IDBI,P&F | F.A,0.10%,94.75,"45,14,909"
500,Idea Cellular Limited,IDEA,P&F | F.A,-4.05%,15.64,"4,21,37,07,883"
484,IDFC First Bank Ltd,IDFCFIRSTB,P&F | F.A,0.83%,73.84,"2,93,08,288"
469,Idfc Limited,IDFC,P&F | F.A,0.69%,111.94,"46,15,991"
372,Iifl Holdings Limited,IIFL,P&F | F.A,1.20%,456.3,"14,64,585"
92,Indiamart Intermesh Ltd,INDIAMART,P&F | F.A,-0.67%,3000.05,"1,34,044"
339,Indian Bank,INDIANB,P&F | F.A,1.03%,567.3,"11,59,804"
439,Indian Energy Exchange Ltd,IEX,P&F | F.A,-1.01%,203.63,"1,56,30,541"
452,Indian Oil Corporation Limited,IOC,P&F | F.A,0.07%,176.97,"2,22,88,432"
490,Indian Overseas Bank,IOB,P&F | F.A,-0.12%,60.77,"37,31,727"
247,Indian Railway Catering & Tourism Corporation Ltd,IRCTC,P&F | F.A,1.06%,932.8,"29,84,431"
451,Indian Railway Finance Corporation Ltd,IRFC,P&F | F.A,-0.73%,178.62,"1,55,12,791"
190,Indigo Paints Ltd,INDIGOPNTS,P&F | F.A,0.94%,1450.5,"42,456"
340,Indraprastha Gas Limited,IGL,P&F | F.A,1.74%,552.8,"36,58,502"
371,Indus Towers Ltd (Bharti Infratel),INDUSTOWER,P&F | F.A,2.68%,458.5,"1,78,88,531"
192,Indusind Bank Limited,INDUSINDBK,P&F | F.A,0.55%,1425.25,"27,92,988"
25,Info Edge (india) Limited,NAUKRI,P&F | F.A,-0.05%,7678.8,"2,81,864"
133,Infosys Limited,INFY,P&F | F.A,0.54%,1943.7,"1,34,66,759"
432,Inox Wind Limited,INOXWIND,P&F | F.A,0.53%,221.11,"85,09,806"
237,Intellect Design Arena Limited,INTELLECT,P&F | F.A,-0.06%,993,"90,481"
55,Interglobe Aviation Limited,INDIGO,P&F | F.A,1.47%,4830,"21,20,523"
195,Ipca Laboratories Limited,IPCALAB,P&F | F.A,1.25%,1384.65,"3,09,172"
487,Irb Infrastructure Developers Limited,IRB,P&F | F.A,-1.28%,63.35,"3,43,91,284"
420,Ircon International Ltd,IRCON,P&F | F.A,-0.72%,261.1,"47,66,373"
355,Itc Limited,ITC,P&F | F.A,-0.63%,501.9,"1,49,47,670"
408,Iti Limited,ITI,P&F | F.A,1.69%,304.75,"30,63,051"
132,Jb Chemicals & Pharmaceuticals Limited,JBCHEPHARM,P&F | F.A,-0.37%,1953.8,"74,116"
137,Jbm Auto Limited,JBMA,P&F | F.A,-0.10%,1916.4,"1,18,278"
300,Jindal Saw Limited,JINDALSAW,P&F | F.A,1.03%,680.65,"8,39,074"
273,Jindal Stainless Limited,JSL,P&F | F.A,7.78%,793.4,"31,27,059"
241,Jindal Steel & Power Limited,JINDALSTEL,P&F | F.A,1.03%,970.4,"26,83,048"
401,Jio Financial Services Ltd,JIOFIN,P&F | F.A,-1.21%,321.7,"2,74,98,340"
63,Jk Cement Limited,JKCEMENT,P&F | F.A,0.19%,4453.9,"57,504"
274,Jk Lakshmi Cement Limited,JKLAKSHMI,P&F | F.A,0.66%,787.85,"75,486"
369,Jk Paper Limited,JKPAPER,P&F | F.A,-1.92%,458.95,"5,84,385"
473,Jm Financial Limited,JMFINANCIL,P&F | F.A,-0.02%,106.59,"99,48,797"
292,Jsw Energy Limited,JSWENERGY,P&F | F.A,-1.24%,711.15,"24,88,658"
399,JSW Infrastructure Ltd,JSWINFRA,P&F | F.A,-0.35%,324.6,"13,23,480"
246,Jsw Steel Limited,JSWSTEEL,P&F | F.A,0.15%,941.1,"28,96,103"
311,Jubilant Foodworks Limited,JUBLFOOD,P&F | F.A,-0.09%,650.3,"16,85,369"
310,Jubilant Ingrevia Ltd,JUBLINGREA,P&F | F.A,2.18%,657.2,"7,96,103"
250,Jubilant Pharmova Ltd,JUBLPHARMA,P&F | F.A,-0.16%,919.5,"1,62,313"
333,Jupiter Wagons Ltd,JWL,P&F | F.A,3.08%,575.65,"15,29,287"
209,Just Dial Limited,JUSTDIAL,P&F | F.A,1.42%,1252.05,"3,15,960"
344,Jyothy Laboratories Limited,JYOTHYLAB,P&F | F.A,0.06%,539.8,"3,92,232"
258,K.p.r. Mill Limited,KPRMILL,P&F | F.A,1.42%,846.8,"2,98,430"
198,Kajaria Ceramics Limited,KAJARIACER,P&F | F.A,-0.30%,1350.85,"2,81,450"
199,Kalpataru Projects International Ltd,KPIL,P&F | F.A,1.35%,1347.55,"3,25,720"
325,Kalyan Jewellers India Ltd,KALYANKJIL,P&F | F.A,0.75%,615.2,"42,42,992"
412,Kansai Nerolac Paints Limited,KANSAINER,P&F | F.A,-0.50%,296.5,"2,57,661"
430,Karur Vysya Bank Limited,KARURVYSYA,P&F | F.A,-0.51%,222.22,"6,53,112"
56,Kaynes Technology India Ltd,KAYNES,P&F | F.A,0.08%,4753.8,"2,48,130"
245,Kec International Limited,KEC,P&F | F.A,5.17%,947.35,"35,43,477"
58,Kei Industries Limited,KEI,P&F | F.A,1.33%,4609.8,"1,12,405"
234,KFin Technologies Ltd,KFINTECH,P&F | F.A,0.42%,1038.6,"14,60,154"
396,Knr Constructions Limited,KNRCON,P&F | F.A,-0.90%,330.95,"6,08,695"
152,Kotak Mahindra Bank Limited,KOTAKBANK,P&F | F.A,0.20%,1780.8,"74,58,172"
147,KPIT Technologies Ltd,KPITTECH,P&F | F.A,-2.30%,1815.15,"8,37,332"
407,Krbl Limited,KRBL,P&F | F.A,2.25%,306.1,"20,37,996"
109,Krishna Institute of Medical Sciences Ltd,KIMS,P&F | F.A,2.73%,2531,"1,28,969"
249,KSB Ltd,KSB,P&F | F.A,1.73%,928.5,"1,20,047"
455,L&T Finance Ltd,LTF,P&F | F.A,-0.60%,169.36,"34,15,918"
44,L&t Technology Services Limited,LTTS,P&F | F.A,-1.62%,5716.1,"2,46,977"
77,Larsen & Toubro Limited,LT,P&F | F.A,0.58%,3704.65,"25,92,912"
363,Latent View Analytics Ltd,LATENTVIEW,P&F | F.A,-1.05%,483.45,"2,18,039"
367,Laurus Labs Limited,LAURUSLABS,P&F | F.A,2.70%,470.15,"31,10,536"
411,Laxmi Organic Industries Ltd,LXCHEM,P&F | F.A,0.51%,297.8,"17,57,028"
462,Lemon Tree Hotels Ltd,LEMONTREE,P&F | F.A,0.73%,134.47,"29,73,150"
304,Lic Housing Finance Limited,LICHSGFIN,P&F | F.A,-0.23%,674.4,"17,90,107"
229,Life Insurance Corporation of India,LICI,P&F | F.A,-0.43%,1064.25,"9,33,547"
27,Linde India Limited,LINDEINDIA,P&F | F.A,0.39%,7225.3,"81,750"
278,Lloyds Metals & Energy Ltd,LLOYDSME,P&F | F.A,0.68%,774.45,"1,41,832"
41,LTI Mindtree Ltd,LTIM,P&F | F.A,0.39%,6156.05,"17,00,749"
119,Lupin Limited,LUPIN,P&F | F.A,2.12%,2240.2,"19,86,627"
208,Macrotech Developers Ltd,LODHA,P&F | F.A,-0.04%,1253.9,"30,70,120"
150,Mahanagar Gas Limited,MGL,P&F | F.A,0.77%,1792.1,"5,56,148"
307,Maharashtra Seamless Limited,MAHSEAMLES,P&F | F.A,-0.33%,671.9,"2,04,176"
382,Mahindra Holidays & Resorts India Limited,MHRIL,P&F | F.A,-0.77%,407.65,"4,35,430"
337,Mahindra Lifespace Developers Limited,MAHLIFE,P&F | F.A,-1.89%,568.8,"3,68,866"
435,Manappuram Finance Limited,MANAPPURAM,P&F | F.A,-0.26%,215.95,"51,15,706"
437,Mangalore Refinery And Petrochemicals Limited,MRPL,P&F | F.A,-1.35%,207.37,"11,36,482"
112,Mankind Pharma Ltd,MANKIND,P&F | F.A,2.55%,2487.75,"9,64,197"
314,Marico Limited,MARICO,P&F | F.A,-2.06%,647.15,"78,17,523"
11,Maruti Suzuki India Limited,MARUTI,P&F | F.A,-0.41%,12403,"22,71,179"
93,Mastek Limited,MASTEK,P&F | F.A,0.19%,2940.8,"65,398"
225,Max Financial Services Limited,MFSL,P&F | F.A,3.56%,1074.85,"15,69,058"
257,Max Healthcare Institute Ltd,MAXHEALTH,P&F | F.A,-0.47%,862.45,"25,75,591"
68,Mazagon Dock Shipbuilders Ltd,MAZDOCK,P&F | F.A,0.07%,4241.45,"34,63,953"
301,Medplus Health Services Ltd,MEDPLUS,P&F | F.A,1.12%,679.4,"6,45,189"
203,Metro Brands Ltd,METROBRAND,P&F | F.A,-0.14%,1306.05,"63,420"
123,Metropolis Healthcare Ltd,METROPOLIS,P&F | F.A,2.93%,2139.8,"1,40,666"
338,Minda Corporation Limited,MINDACORP,P&F | F.A,-2.31%,567.95,"8,43,692"
474,Mmtc Limited,MMTC,P&F | F.A,-0.69%,100.94,"48,31,027"
443,Motherson Sumi Systems Limited,MOTHERSON,P&F | F.A,0.31%,195.28,"1,38,28,849"
485,Motherson Sumi Wiring India Ltd,MSUMI,P&F | F.A,0.40%,70.43,"34,73,007"
290,Motilal Oswal Financial Services Limited,MOTILALOFS,P&F | F.A,-0.74%,720.1,"11,44,273"
89,Mphasis Limited,MPHASIS,P&F | F.A,0.05%,3104.95,"7,91,445"
1,Mrf Limited,MRF,P&F | F.A,0.31%,134833.45,"10,322"
145,MTAR Technologies Ltd,MTARTECH,P&F | F.A,2.49%,1826.3,"3,25,629"
49,Multi Commodity Exchange Of India Limited,MCX,P&F | F.A,3.56%,5182.8,"9,61,029"
130,Muthoot Finance Limited,MUTHOOTFIN,P&F | F.A,-0.40%,1965.85,"3,98,548"
206,Narayana Hrudayalaya Ltd.,NH,P&F | F.A,0.19%,1268.95,"6,35,369"
176,Natco Pharma Limited,NATCOPHARM,P&F | F.A,2.56%,1537.55,"14,96,599"
450,National Aluminium Company Limited,NATIONALUM,P&F | F.A,-0.07%,182.6,"1,43,90,618"
83,Navin Fluorine International Limited,NAVINFLUOR,P&F | F.A,0.57%,3298.4,"1,43,368"
449,Nbcc (india) Limited,NBCC,P&F | F.A,-4.34%,186.37,"6,36,29,115"
402,Ncc Limited,NCC,P&F | F.A,-0.27%,319.05,"22,48,874"
110,Nestle India Limited,NESTLEIND,P&F | F.A,-0.15%,2500.75,"19,04,487"
477,Network18 Media & Investments Limited,NETWORK18,P&F | F.A,-4.28%,95.16,"1,26,10,572"
418,New India Assurance Company Ltd,NIACL,P&F | F.A,1.09%,264.85,"10,03,907"
476,Nhpc Limited,NHPC,P&F | F.A,1.16%,96.12,"4,14,87,282"
306,Nippon Life India Asset Management Ltd,NAM-INDIA,P&F | F.A,-0.55%,673.05,"11,45,374"
417,Nlc India Limited,NLCINDIA,P&F | F.A,0.13%,275.1,"31,10,951"
429,Nmdc Limited,NMDC,P&F | F.A,-0.56%,222.66,"61,71,301"
491,NMDC Steel Ltd,NSLNISP,P&F | F.A,-1.14%,53.64,"37,85,576"
380,Ntpc Limited,NTPC,P&F | F.A,1.54%,416.2,"2,26,33,988"
37,Nuvama Wealth Management Ltd,NUVAMA,P&F | F.A,0.11%,6446.7,"48,029"
392,Nuvoco Vistas Corporation Ltd,NUVOCO,P&F | F.A,-0.69%,339.8,"1,44,179"
153,Oberoi Realty Limited,OBEROIRLTY,P&F | F.A,2.86%,1772.35,"9,83,157"
397,Oil & Natural Gas Corporation Limited,ONGC,P&F | F.A,0.35%,330.75,"1,96,66,466"
285,Oil India Limited,OIL,P&F | F.A,0.97%,741,"7,94,29,798"
175,Olectra Greentech Ltd,OLECTRA,P&F | F.A,-0.38%,1561.9,"3,37,251"
321,One 97 Communications Ltd,PAYTM,P&F | F.A,12.16%,621.9,"4,18,66,652"
14,Oracle Financial Services Software Limited,OFSS,P&F | F.A,1.67%,10988.7,"30,31,738"
3,Page Industries Limited,PAGEIND,P&F | F.A,1.81%,42520.55,"29,592"
134,Patanjali Foods Ltd,PATANJALI,P&F | F.A,1.16%,1942.15,"3,84,056"
154,PB Fintech Ltd,POLICYBZR,P&F | F.A,2.65%,1772.25,"26,07,086"
361,PCBL Ltd,PCBL,P&F | F.A,1.55%,488.9,"29,69,491"
50,Persistent Systems Limited,PERSISTENT,P&F | F.A,1.83%,5170.85,"13,85,111"
387,Petronet Lng Limited,PETRONET,P&F | F.A,0.48%,367.3,"47,29,101"
60,Pi Industries Limited,PIIND,P&F | F.A,0.72%,4495.45,"4,46,335"
88,Pidilite Industries Limited,PIDILITIND,P&F | F.A,1.38%,3123.3,"4,78,166"
233,Piramal Enterprises Limited,PEL,P&F | F.A,-1.16%,1043.45,"13,20,981"
448,Piramal Pharma Ltd,PPLPHARMA,P&F | F.A,3.55%,188.98,"61,21,873"
239,Pnb Housing Finance Limited,PNBHOUSING,P&F | F.A,3.23%,977.45,"49,81,438"
373,Pnc Infratech Limited,PNCINFRA,P&F | F.A,-1.31%,449.65,"6,37,010"
117,Poly Medicure Limited,POLYMED,P&F | F.A,1.46%,2338.25,"81,511"
33,Polycab India Ltd,POLYCAB,P&F | F.A,1.04%,6813.4,"4,14,118"
384,Poonawalla Fincorp Ltd,POONAWALLA,P&F | F.A,-1.34%,387.3,"21,60,953"
342,Power Finance Corporation Limited,PFC,P&F | F.A,-0.88%,549.55,"1,02,22,982"
393,Power Grid Corporation Of India Limited,POWERGRID,P&F | F.A,1.23%,337.4,"2,27,13,812"
280,Praj Industries Limited,PRAJIND,P&F | F.A,5.21%,766.9,"1,29,82,795"
148,Prestige Estates Projects Limited,PRESTIGE,P&F | F.A,5.08%,1813.15,"2,28,06,543"
331,Prince Pipes & Fittings Ltd,PRINCEPIPE,P&F | F.A,-0.45%,587.05,"61,746"
456,Prism Johnson Ltd,PRSMJOHNSN,P&F | F.A,-0.37%,164.81,"3,14,319"
8,Procter & Gamble Hygiene And Health Care Limited,PGHH,P&F | F.A,-0.17%,16516.25,"6,930"
468,Punjab National Bank,PNB,P&F | F.A,0.90%,116.57,"2,62,08,535"
179,PVR Inox Ltd,PVRINOX,P&F | F.A,0.35%,1514.55,"1,72,436"
276,Quess Corp Limited,QUESS,P&F | F.A,-0.09%,782.35,"2,32,415"
169,R R Kabel Ltd,RRKABEL,P&F | F.A,0.84%,1614,"7,28,049"
135,Radico Khaitan Limited,RADICO,P&F | F.A,6.85%,1942.05,"32,72,326"
327,Rail Vikas Nigam Ltd,RVNL,P&F | F.A,4.76%,607.4,"12,16,90,785"
360,Railtel Corporation of India Ltd,RAILTEL,P&F | F.A,-0.25%,490.8,"24,31,412"
207,Rainbow Childrens Medicare Ltd,RAINBOW,P&F | F.A,2.28%,1267.5,"1,20,134"
413,Rajesh Exports Limited,RAJESHEXPO,P&F | F.A,-0.75%,292.95,"2,80,690"
242,Ramkrishna Forgings Limited,RKFORGE,P&F | F.A,0.36%,967.95,"5,02,176"
441,Rashtriya Chemicals And Fertilizers Limited,RCF,P&F | F.A,1.14%,201.24,"61,35,470"
78,Ratnamani Metals & Tubes Limited,RATNAMANI,P&F | F.A,1.17%,3688.25,"28,270"
482,RattanIndia Enterprises Ltd,RTNINDIA,P&F | F.A,0.92%,79.83,"40,98,742"
128,Raymond Limited,RAYMOND,P&F | F.A,-0.17%,1985.5,"1,78,957"
427,Rbl Bank Limited,RBLBANK,P&F | F.A,0.30%,227.45,"63,38,649"
440,Redington (india) Limited,REDINGTON,P&F | F.A,0.05%,201.85,"6,42,195"
91,Reliance Industries Limited,RELIANCE,P&F | F.A,-0.74%,3019.25,"2,08,10,365"
471,Restaurant Brands Asia Ltd,RBA,P&F | F.A,-0.19%,109.94,"14,42,117"
326,RHI Magnesita India Ltd,RHIM,P&F | F.A,0.62%,613.4,"3,04,404"
312,Rites Ltd,RITES,P&F | F.A,-0.90%,649.4,"6,69,068"
173,Route Mobile Ltd,ROUTE,P&F | F.A,-0.12%,1581,"50,005"
323,Rural Electrification Corporation Limited,RECLTD,P&F | F.A,-1.04%,619.75,"89,31,237"
113,Safari Industries (India) Ltd,SAFARI,P&F | F.A,5.31%,2476.2,"5,61,381"
457,Sammaan Capital Ltd,SAMMAANCAP,P&F | F.A,-0.49%,161.79,"32,39,660"
34,Sanofi India Limited,SANOFI,P&F | F.A,0.56%,6809,"13,103"
163,Sapphire Foods India Ltd,SAPPHIRE,P&F | F.A,4.26%,1667.65,"3,42,589"
352,Saregama India Limited,SAREGAMA,P&F | F.A,-2.52%,508.45,"2,66,854"
480,SBFC Finance Ltd,SBFC,P&F | F.A,0.51%,84.38,"40,28,238"
287,SBI Cards & Payment Services Ltd,SBICARD,P&F | F.A,0.28%,723.2,"18,02,624"
142,SBI Life Insurance Company Ltd,SBILIFE,P&F | F.A,0.36%,1850.3,"21,25,138"
70,Schaeffler India Ltd,SCHAEFFLER,P&F | F.A,1.59%,3941.65,"1,49,297"
263,Schneider Electric Infrastructure Limited,SCHNEIDER,P&F | F.A,4.63%,829.65,"3,53,923"
7,Shree Cements Limited,SHREECEM,P&F | F.A,2.66%,25482,"83,409"
494,Shree Renuka Sugars Limited,RENUKA,P&F | F.A,5.40%,49.97,"11,32,32,641"
85,Shriram Finance Ltd,SHRIRAMFIN,P&F | F.A,0.13%,3204.5,"22,05,225"
272,Shyam Metalics & Energy Ltd,SHYAMMETL,P&F | F.A,2.17%,797.35,"7,28,254"
32,Siemens Limited,SIEMENS,P&F | F.A,0.35%,6893.1,"7,03,538"
180,SignatureGlobal India Ltd,SIGNATURE,P&F | F.A,2.11%,1503.95,"6,33,844"
464,Sjvn Limited,SJVN,P&F | F.A,-0.28%,133.35,"76,28,424"
48,Skf India Limited,SKFINDIA,P&F | F.A,0.57%,5279.2,"58,015"
162,Sobha Limited,SOBHA,P&F | F.A,-0.94%,1689.75,"2,95,712"
16,Solar Industries India Limited,SOLARINDS,P&F | F.A,3.09%,10729,"1,61,562"
299,Sona BLW Precision Forgings Ltd,SONACOMS,P&F | F.A,-0.84%,683.35,"24,15,730"
309,Sonata Software Limited,SONATSOFTW,P&F | F.A,1.35%,665.75,"17,20,360"
108,Srf Limited,SRF,P&F | F.A,0.95%,2564.6,"21,80,896"
318,Star Health & Allied Insurance Company Ltd,STARHEALTH,P&F | F.A,4.06%,628.65,"53,10,015"
269,State Bank Of India,SBIN,P&F | F.A,0.14%,815.6,"89,11,426"
463,Steel Authority Of India Limited,SAIL,P&F | F.A,-0.42%,133.69,"1,30,16,284"
305,Sterling & Wilson Renewable Energy Ltd,SWSOLAR,P&F | F.A,1.59%,673.2,"8,46,436"
465,Sterlite Technologies Limited,STLTECH,P&F | F.A,-0.22%,131.68,"17,08,093"
351,Sumitomo Chemical India Ltd,SUMICHEM,P&F | F.A,-2.56%,511.35,"6,04,001"
431,Sun Pharma Advanced Research Company Limited,SPARC,P&F | F.A,-1.95%,221.36,"5,37,770"
146,Sun Pharmaceuticals Industries Limited,SUNPHARMA,P&F | F.A,1.25%,1821.65,"30,36,374"
268,Sun Tv Network Limited,SUNTV,P&F | F.A,1.48%,821.9,"7,74,873"
52,Sundaram Finance Limited,SUNDARMFIN,P&F | F.A,6.93%,5050.6,"5,83,290"
197,Sundram Fasteners Limited,SUNDRMFAST,P&F | F.A,0.71%,1352.75,"81,962"
335,Sunteck Realty Limited,SUNTECK,P&F | F.A,-0.19%,569.35,"3,27,798"
47,Supreme Industries Limited,SUPREMEIND,P&F | F.A,-1.46%,5284.75,"2,58,816"
226,Suven Pharmaceuticals Ltd,SUVENPHAR,P&F | F.A,1.05%,1073.55,"2,67,615"
483,Suzlon Energy Limited,SUZLON,P&F | F.A,-1.51%,75.84,"6,39,34,257"
303,Swan Energy Limited,SWANENERGY,P&F | F.A,0.39%,677.4,"7,93,760"
255,Syngene International Limited,SYNGENE,P&F | F.A,1.75%,868.75,"16,35,013"
375,Syrma SGS Technology Ltd,SYRMA,P&F | F.A,-0.28%,438.35,"1,98,388"
366,Tamilnad Mercantile Bank Ltd,TMB,P&F | F.A,0.84%,470.8,"1,86,616"
248,Tanla Solutions Limited,TANLA,P&F | F.A,-0.93%,928.85,"6,93,530"
224,Tata Chemicals Limited,TATACHEM,P&F | F.A,0.87%,1082.65,"7,84,070"
131,Tata Communications Limited,TATACOMM,P&F | F.A,1.50%,1961.85,"7,87,434"
59,Tata Consultancy Services Limited,TCS,P&F | F.A,0.93%,4553.75,"36,37,222"
214,TATA Consumer Products Ltd,TATACONSUM,P&F | F.A,0.14%,1200.15,"25,50,399"
22,Tata Elxsi Limited,TATAELXSI,P&F | F.A,0.99%,8000.7,"12,67,303"
26,Tata Investment Corporation Limited,TATAINVEST,P&F | F.A,1.81%,7283.4,"3,36,891"
223,Tata Motors Limited,TATAMOTORS,P&F | F.A,-0.92%,1111.35,"1,76,47,545"
376,Tata Power Company Limited,TATAPOWER,P&F | F.A,0.87%,434.65,"1,28,66,589"
458,Tata Steel Limited,TATASTEEL,P&F | F.A,-0.14%,152.76,"5,51,34,023"
228,Tata Technologies Ltd,TATATECH,P&F | F.A,0.41%,1065.6,"52,94,901"
475,Tata Teleservices (maharashtra) Limited,TTML,P&F | F.A,1.39%,97.14,"2,10,66,918"
167,Tech Mahindra Limited,TECHM,P&F | F.A,-0.66%,1636.5,"19,26,984"
202,Tejas Networks,TEJASNET,P&F | F.A,-0.25%,1318.15,"4,84,104"
444,The Federal Bank  Limited,FEDERALBNK,P&F | F.A,-0.62%,194.7,"1,05,97,018"
200,The Great Eastern Shipping Company Limited,GESHIP,P&F | F.A,2.34%,1331.95,"6,65,315"
388,The India Cements Limited,INDIACEM,P&F | F.A,-0.18%,362.7,"37,94,351"
313,The Indian Hotels Company Limited,INDHOTEL,P&F | F.A,-0.12%,647.5,"62,67,171"
75,The Phoenix Mills Limited,PHOENIXLTD,P&F | F.A,3.49%,3769.4,"10,47,147"
261,The Ramco Cements Limited,RAMCOCEM,P&F | F.A,1.28%,831.25,"6,19,316"
65,Thermax Limited,THERMAX,P&F | F.A,0.29%,4372.8,"1,77,013"
72,Timken India Limited,TIMKEN,P&F | F.A,3.99%,3846.35,"2,77,138"
193,Titagarh Rail Systems Ltd,TITAGARH,P&F | F.A,0.57%,1423.8,"4,45,867"
80,Titan Company Limited,TITAN,P&F | F.A,0.90%,3565.15,"21,16,894"
81,Torrent Pharmaceuticals Limited,TORNTPHARM,P&F | F.A,1.47%,3485.15,"9,93,340"
158,Torrent Power Limited,TORNTPOWER,P&F | F.A,5.07%,1743.5,"14,50,689"
29,Trent Limited,TRENT,P&F | F.A,-0.17%,7158.75,"11,69,809"
497,Trident Limited,TRIDENT,P&F | F.A,-0.19%,36.98,"48,55,011"
365,Triveni Engineering & Industries Limited,TRIVENI,P&F | F.A,8.60%,476.85,"1,28,47,651"
289,Triveni Turbine Limited,TRITURBINE,P&F | F.A,0.04%,720.15,"7,70,306"
69,Tube Investments of India Ltd,TIINDIA,P&F | F.A,0.66%,4030.8,"3,18,567"
492,Tv18 Broadcast Limited,TV18BRDCST,P&F | F.A,-0.70%,51.23,"3,54,12,140"
99,Tvs Motor Company Limited,TVSMOTOR,P&F | F.A,2.24%,2813.3,"16,91,050"
447,TVS Supply Chain Solutions Ltd,TVSSCS,P&F | F.A,0.06%,192.43,"27,38,478"
493,Uco Bank,UCOBANK,P&F | F.A,0.18%,51.02,"33,40,159"
495,Ujjivan Small Finance Bank Ltd,UJJIVANSFB,P&F | F.A,1.34%,43.91,"77,52,202"
13,Ultratech Cement Limited,ULTRACEMCO,P&F | F.A,0.71%,11301.9,"4,62,185"
466,Union Bank Of India,UNIONBANK,P&F | F.A,-1.37%,121.54,"1,30,15,776"
126,United Breweries Limited,UBL,P&F | F.A,0.78%,2050.45,"6,50,616"
185,United Spirits Ltd,UNITDSPR,P&F | F.A,1.76%,1474.35,"23,19,735"
217,Uno Minda Ltd,UNOMINDA,P&F | F.A,4.18%,1173.9,"12,67,640"
330,Upl Limited,UPL,P&F | F.A,3.56%,598.35,"76,16,878"
395,Usha Martin Limited,USHAMART,P&F | F.A,-1.65%,331.35,"6,32,666"
220,UTI Asset Management Company Ltd,UTIAMC,P&F | F.A,2.84%,1146.85,"2,34,202"
370,V-guard Industries Limited,VGUARD,P&F | F.A,-0.55%,458.55,"6,52,912"
403,Vaibhav Global Limited,VAIBHAVGBL,P&F | F.A,0.87%,317.35,"4,81,423"
357,Vardhman Textiles Limited,VTL,P&F | F.A,-1.54%,495.25,"1,58,793"
336,Varroc Engineering Ltd,VARROC,P&F | F.A,3.80%,568.85,"8,90,593"
181,Varun Beverages Limited,VBL,P&F | F.A,-0.54%,1500.9,"22,95,322"
210,Vedant Fashions Ltd,MANYAVAR,P&F | F.A,1.12%,1250.4,"1,36,831"
368,Vedanta Limited,VEDL,P&F | F.A,1.09%,468.45,"1,40,26,797"
251,Vijaya Diagnostic Centre Ltd,VIJAYA,P&F | F.A,2.32%,912.6,"1,75,149"
362,Vip Industries Limited,VIPIND,P&F | F.A,1.75%,486.75,"7,53,826"
157,Voltas Limited,VOLTAS,P&F | F.A,-2.50%,1743.65,"27,70,926"
293,Welspun Corp Limited,WELCORP,P&F | F.A,0.07%,708.4,"3,79,528"
446,Welspun Living Ltd,WELSPUNLIV,P&F | F.A,-1.79%,192.99,"1,07,56,978"
267,Westlife Development Ltd,WESTLIFE,P&F | F.A,-3.13%,822.7,"72,627"
121,Whirlpool Of India Limited,WHIRLPOOL,P&F | F.A,-0.51%,2183.5,"2,51,288"
345,Wipro Limited,WIPRO,P&F | F.A,-0.06%,538.4,"97,17,402"
499,Yes Bank Limited,YESBANK,P&F | F.A,-0.51%,23.61,"11,13,53,758"
461,Zee Entertainment Enterprises Limited,ZEEL,P&F | F.A,-1.08%,140.78,"1,51,41,363"
279,Zensar Technologies Limited,ZENSARTECH,P&F | F.A,-0.67%,767.9,"5,05,350"
9,ZF Commercial Vehicle Control System India Ltd,ZFCVINDIA,P&F | F.A,1.87%,15567.85,"23,401"
422,Zomato Ltd,ZOMATO,P&F | F.A,-0.72%,250.53,"5,01,57,287"
222,Zydus Lifesciences Ltd,ZYDUSLIFE,P&F | F.A,-0.37%,1127.9,"3,28,36,286"
